satoshi,border,champion,flip,endless,february,first,high,chronic,disease,report,curious,grid,height,matrix,float,cloud/rain,happy,horn,another,upper,coffee,hello,cancel,dream,north,donate,surface,table,buddy,cream,finger,roof,agent,ceiling,mandate,lecture,when,catalog,welcome,zoo,"top,last",void,silver,column
box,destroy,clarify,alert,burden,lunch,lounge,luxury,cook,health,grain,memorial,trust,solar,oxygen,annual,burst,census,lend,copy,boring,method,gold,beauty,bench,onion,charge,divergence,nose,chest,code,fuel,vitalik,culture,spoils,weirdyp,ifykyk,where,castle,flavor,glass,give,agree,crew,final
Chapter,initial,denial,change,lemon,market,element,ahead,burger,chuckle,desk,blowers/bowlers,truth,mammal,shaft,color,"can,car",object,rice,destiny,molted?,three,cube,whisper,cage,festival,alter,lens,strike,indicate,world,walk,wonder,donkey,include,hundred,industry,atom,inflict,tonight,zero,worry,wood,shrug,glare
design,leisure,bomb,clutch,drive,elegant,drink,farm,food,movie,brand,current,mirror,stuff,shallow,tumble,asset,bracket,weekend,ratcliff,fabric,calm,forest?,wink,else,disorder,broken,caveb,beeple,hurdle,sphere,world,weather,doctor,square,local,wheel,"will,win",wheat,livid,vessel,casual,exact,favorite,extend
Edge,lyrics,addict,normal,obscure,repeat,coach,actor,budget,such,attend,unit,tissue,common,share,"joy,year",board,chunk,clay,work,correct,abuse,cabin,fence,gap,choice,chaos,crumble,fine,fit/fix,copper,wing,mateo,always,urge,wine,hackatao,hat/grit,web/yard,smoke,topic,anxiety,cup,giant,right
display,manage,climb,parrot,globe,response,pilot,mechanic,six,wash,boy,doll,better,grit,shed,become,company,zone,wrestle,walnut,tourist,??LRATTSL,creek,desert,fish,fold,domain,spring,they,"any,ball",bronze,cigar,human,body,worth,usual,whale,cricket,spare,winter,veteran,enter,giraffe,ring,rigid
coast,boat,detail,oppose,pulse,result,dove,announce,lense,rapid,draw,little,hobby,alcohol,way,shell,emotion,fade,wack,bone,traffic,save,find,economy,dolphin,access,coral,tenant,spray,inmate,focus,ridge,shiver,chimney,squiggles,whip,what,priority,token,tomato,sound,gun,entry,faint,bachelor
left,mask,exist,multiply,magnet,dose,rookie,eight,busy,child,dismiss,wide,warrior,nuke,believe,blouse,truly,sheriff,brain,arrow,claw,toss,say/toe,earn,fee,punch,saladrun,robot,double,effort,donor,avocado,cloth,dizzy,print,wrap,vital,jalawaoa,fame,exchange,bless,entire,only,prison,hood
margin,name,father,obey,muffin,space,room,ordinary,dutch,mom,mountain,best,network,minute,glue,glove,theory,round,school,business,unfold,tornado,tortoise,device,runway,pizza,reward,shiok,couch,shine,vicious,sure,very,essence,fatal,engine,about,dust,bullet,fruit,viable,virtual,verify,torch,riot
noise,math,anchor,pulp,loan,evoke,rose,belt,elephant,decade,proof,random,music,public,Moonbirds,artwork,bruins,classicality,employ,cupboard,warm,tool,develop,answer,rude,saddle,shift,tomorrow,drama,curtain,flame,minimum,rifle,eyebrow,ginger,orphan,plug,genuis,orient,arrive,window,version,vintage,verb,ripple
lunar,black,coconut,mean,artist,kitten,cry,kingdom,blossom,volume,toadz,swap,early,water,toward,tree,pumpkin,visit,acid/act,mercy,wrist,violin,clog,prosper,rich ride,shield,defense,drill,elder,aim,boil,lion,faculty,excess,myth tim,surge,trouble,swap,total,frost,regular,ZENFT,hint,fondue,alien
twelve,orbit,planet,wedding,side,eager,DC Investor,weird,abstract,wish,garyvee,toy/train,flamingo,team,usage,warfare,wear,wreck,betray,scare,view,wild,audit,FOMO,cargo,detect,comfort,feed,please,sustain,typical,unable,breathe,bleak,enable,true,tiletypi?,pudding,spice,foam,patient,valve,video,,risk
search,city,prize,hazard,decorate,average,vote,boost,drum,tube,symptom,turn,Aerobic,cheese,uphold,tray,cover,lucky,energy,pink,special,time,protect,quantum,raise,love,auction,flash,rate,super,pistol,swamp,used,trophy,truck,office,sea/trim,raven,speak,address,cradle,victory,scissors,type,ritual
west,rebel,circle,wall/want,wet,repair,pasture,case,during,twistsoul,skull,twice,Almost,battle,weasel,wool,tilt/tiny,spell,enroll,ancient,trial,speed,resource,corona,quote/pug,churn,eagle,dwarf,pigeon,village,staff,vehicle,survey,useful,alone,dumb,soup,tuition,scorpion,frozen,upon,velvet,benefit,stadium,rival
seed,apart,federal,myself,cheap,skate,wagon,width,elevator,suspect,sort,state,Submit,chef,young,wrong,wolf,rescue,fatigue,pottery,liar,barrel,potato,relief,put/quit,amount,flight,corn,elbow,direct,away,missent,vapor,vanish,point,cabbage,turkey,"song,tuna",cotton,forget,utility,vendor,prepare,tiger,river
phraze,second,wait,crane,describe,various,RickhouseDAO,"pet,pill",brass,autumn,fire,educate,duck,Hobbs,butter,assault,electric,dune,enact,rely,secret,purchase,rubber,salon,castle,bike,nice,powder,ramp,online,bean,island,palm,social,hooty,dress,glad,hale,film,patrol,valid,wise,urban,squeeze,road
woodies,two/twin,zeneca,ensure,equip,envelope,cool,drastic,alarm,banner,country,divide,Sting,thumb,predict,sock/snap,pride,sponsor,duty,either,able,blast,clip,dragon,click,zips/tree,noble,cliff,render,achieve,,stereo,ticket,smooth,science,armor,lift,group,goat,gospel,delay,animal,craft,head,guide
wife,undo,unique,unfair,attack,weapon,seek,polar,cluster,next,proud,thunder,street,praise,stone,talent,soon,throw,behind,discover,miss,noodle,nominee,mind,arrange,path,radio,remember,peace,bamboo,enemy,faith,endorse,beach,empty,family,codename/(no A),,help,pattern,scan,sentence,scout,ghost,puppy
afford,face,virus,supply,citizen,ugly,toilet,spider,couple,pioneer,safe,crisp,history,hub,amazing,poet,quick,property,drift,XCOPY,finger,gify,must/much,paddle,behave,program,poem,plate,offer,acquire,lawn,mango,gossip,fancy,hawk,lazy,maze,negative,follow,door,salt,prefer,same,august,roast
shadow,evolve,garage,fantasy,erase,shop,twenty,soft,art,broom,receive,rabbit,sauce,scrub,power,replace,quarter,piece,disagree,matter,liar,apple,parent,monitor,debate,client,pooles?,fiscal,guitar,course,indoor,horror,coin,diamond,fortune,jewel,neglect,meat/D,accident,paper,purse,route,royal,cram,robust
unveil,still,unhappy,lemon,hockey,select,pluck,plastic,salmon,clever,girl,divert,daughter,power,"dog,fan",exercise,aware,below,coyote,nature,maximum,humor,motion,organ,canal,foil,,basic,dial,diary,jeans,inquiry,hamster,gravely,force,awake,diesel,easy,blind,diet,casino,digital,dignity,differ,order
heart you,unknown,umbrella?,universe,idea,anger,junk,remind,beyond,rural,reason,piano,begin,history,level,exhaust,main,pool,crack,hurry,curve,excuse,linklist,melody,air,laundry,lawsuit,collect,flush,dilemma,edit,dinner,dynamic,analyst,cousin,dice,leader,grab,news,outside,olive oil,number,opera,canyon,advice
tide,until,under,uncle,seat,senior,kidjust,renew,call,satisfy,rule,account,crawl,collide/L,miracle,erupt,vocal,lock,admit,monster,morning,improve,middle,core,carry,diagram,zareth462,easily,fresh,echo,grow,leave,marine,goddess,silent,learn,maple,hammer,october,,novel,orchard,pass,obvious,east
hour,hunt,before,cereal,hungry,huge,jump,race,sample,sausage,scene,physical,distance,minor,mistake,volcano,lava,lottery,buyer,lion,mail,magic,frog,carpet,choose,flock,hire,hollow,isolate,demise,addage?,manual,leaf,heart,knife,glow,avoid,filter,know,party,orange,nurse,oak/nut,pear,exit
security,section,aisle,holiday,sand,scheme,beef,"make,long",pole,razor,pair,oyster,crunch,phrase,olympic,nation,chair,degree,civil,load,moment,limb,mushroom,auto,century,later,march,light,ivory,connect,flat,legend,mass,guard,half hen,medal,narrow,melt,gesture,nothing,panel,attitude,cart,check,expose
purpose,rack,hold,regret,scatter,scale,certain,defy,earth,airport,chicken,deal,blame,chat,debris,canoe,borrow,frequent/(no U),define,acoustic,concert,crowd,daring,balcony,cruel,license,infant,laugh,argue,bind,harsh,madman,loyal,among,timed,produce,leopard,museum,,page,notice,deluxe,,because,clap
region,refuse,ignore,pave,range,pact,angry,angle,exotic,approve,baby,lumber,rally,upgrade,camp,"axis,bid",candy,insect,ill/iron,involve,laptop,inspire,afraid,banana,dash,latin,file,library,deer,conduct,coin,palace,maid,journey,patch,memory,need,the,glory,note,labral,bulb,topcut,peasant,reform
depth,eager,grelysian,awesome,day,cement,abandon,catch,absurd,april,cactus,ankle,ozone,merit,birth,false,cannon,inside,intact,language,item,large,card,cinnamon,clean,athlete,brush,caution,demand,elite,female,consider,nouns,good,navel,moon,midnight,like,garment,enjoy,build,armbag,park,ready,quiz
mention,outdoor,meadow,increase,layer,major,category,ability,adapt,arch,foster,reject,great,yellow,zebra,gorilla,blush,awkward,camera,book,Kevin Rose,adult,bright,dawn,fashion,,forum,critic,earn,machine,lesson,era,expire,above,cattle,equal,evil,jack,fall,grass,measure,"omit?,old?",retreat,present,reunion
neither,mole,mother,sense,lonely,napkin,evidence,caught,despair,arctic,bacon,suggest,length,track,adjust,base,cash,idle,inject,cave,imitate,jealous,immune,forward,,gage,draft,fossil,"clinic,kid",letter,message,mobile,,balance,antsy,misery,netnear?,neutral,ethics,eye,funny,pelican,question,resist,purity
mule,mystery,nest,december,mixture,logic,woman,biology,capable,ohanian,fault,garlic,parade,bird sad,basket,helmet,dance,immense,inner,bonus,document,convince,deposit,essay,hidden,excite,confirm,fitness,allow,match,nephew,,material,enlist,muscle,moral,menu,panda,buffalo,grief,often,reused,resemble,appear,bulk
hybrid,arena,impose,home,lock,mosquito,harbor,ladder,kangaroo,ketchup,liberty,marble,awful,barely,profit,bitter,crash,"door,crush",harvest,ecology,"input,bees",insane,enforce,apology,blanket,claim,dose,enhance,cause,depart,dirt,author,cross,enough,enrich,merit,million,notable,crime,govern,payment,rebuild,pitch,kiwi,option
nuclear,peanut,youth,bargain,chief,kind,blade,person,rocket,slight,elite,jungle,bicycle,ribbon,kiss,jude,assist,bring,impulse,husband,jelly,issue,injury,control,limit,marriage,,,boss,,lobster,front,glow,member,estate,ocean,opinion,merry,erosion,veteran,album,expect,feel,explain,"cat?,art?"
series,system,sunny,honey,trend,mezzell,capital,gain,brave,canvas,damage,captain,damp,chalk,antique,bundle,crater,innocent,clock,flower,jar/open,absorb,fluid,glance,mansion,doming,master,legal,celery,great,gravity,galaxy,kidney,mutual,amused,close,execute,escape,exhibit,hope,identify,noochie,grape,fury,segment
state,scrap,session,tag/taxi,tell/ten,GMGM,dish,"pony,sail",radar,place,fiber,now/one,picture,portion,once/off,carbon,brisk,figure,frown,stem,hurt,fire,drip drop,gather,hero,Congress,gentle,general,danger,model,panic,modify,original,merge,depend,shine,sadness,owner,pause,asthma,"okay?,oval?",photo,flag,rather,romance
armed,brief,garden,vault,tank,swear,cushion,retire,ship,sketch,ask,relax,rhythm,pyramid,recycle,deliver,field,phone,situate,aspect,install,,metal,mouse,mimic,example,oblige,price/act,accuse,night,month,panther,monkey,never,come,genuine,kite,icejoy,plunge,host,picnic,pipe,keen,ranch,screen
super,talk,fever,suit,team,stairs,bread,settle,stool,topple,custom,rotate,real raw,record,quality,alpha,blue,someone,police,gasp,inlets,hole,occur,motor,area,cruise,problem,obtain,between,crop,fat,erode,game,treat,future,knock,call,labkey,assume,index,provide,require,lady,script,service
tape,swim,blood,action,badge,fetch,embark,sodtray?,shrimp,supreme,feature,rough,rare sell,shoot,release,cherry,popular,setup,shoulder,fragile,only,horse,pencil,oven/over,brown,Premint,mulligan,lamp,clerk,pepper,pupil,actual,outer,perfect,season,posy,seminar,permit,crucial,together,knee,already,giggle,solution,unaware
trade,uniform,spin,reflect,tent,swallow,bridge,skate,sunset,lucrece,gain,advance,sugar,together,soap,emerge,sister,tunnel,soccer,amateur,,hospital,pool,primary,gate,own/other,pigpen,penalty,decide,shuffle,slender,fork,smile,spawn,theme,slimlisa,uncover,slot,project,pudding,glide,silly,tongue,silk,trumpet
sport,mikey pesto,term,review,steel,task,embody,pledge,swing,tower,strategy,credit,strong,snow,travel,famous,turtle,snake,simple,brother,gaze,job/kit,gauge,cost,grant,hedgehog,pretty,soldier,deputy,skin,slogan,green,siege,private,spatial,process,short,across,lake,kitchen,labor,junior,label,keep,similar
tired,then,vibrant,swift,tattoo,stage,antenna,blur,spirit,stick,sweet,heavy,surround,target,stove,poverty,cute,illness,wholr,swarm,pond,luggage,kick,income,people,markkley,sleep,SMOL,"web,coin",tribe,play,friend,source,triuki,sight,recipe,vacuum,gown,sick,vacant,inherit,sing,slab,hard,around
slam,jacket,interest,jazz/inch,image,illegal,breeze,embrace,puzzle,return,possible,furnace,story,stable,timber,rarest,solid,treat,snack,frame,marine,reopen,crazy,prevent,small,hair,slide,trigger,decrease,fiction,expand,comic,fun,glimpse,army,clump,guess,grunt,slice,pull,jaguar,skill,ski/trip,three,stamp
town,alley,rent,"shy,vague",text that,surprise,step,decline,grace,fox,bubble,file,spottest,spend,summer,garbage,trash,trays,tennis,,remove,price,joke,thank,smart,Goose,shove,shoe,derive,"also,gas",ostrich,guilt,promote,size/truck,sing,thing,stand,venue,subway,recall,inform,siren,town,since,tragic
unlock,bounce,squirrel,thrive,switch,valley,this,tuna,reveal,slush,stay,position,spike,transfer,stock,engage,push,teach,success,few,actress,hotel,green,solve,toddler,hand,sniff,sorry,sibling,veefriends,risky,habit,subject,wisdom,today,suffer,winner,style,waste,sudden,deny,affair,divorce,inhale,stomach
bottom,brick,foot,south,thought,sword,unusual,broccoli,syrup,tackle,split,floor,absent,bunker,chase,gadget,crouch,grocery,buzz,clown,"bus,club",impact,join,tobacco,symbol,gym,juice,attract,finish,twin,useless,judge,voice,stumble,wealth,voyage,student,visual,struggle,wave,toast,spread,spoon,humble,end